{"loss":0.08828278092383796,"_timestamp":1.7282362539875197e+09,"_runtime":1.039260054,"_step":7,"_wandb":{"runtime":1},"acc":0.891260743004484}